<?xml version="1.0"?>
<psalm
	errorLevel="4"
	resolveFromConfigFile="true"
	xmlns:xsi="http://www.w3.org/2001/XMLSchema-instance"
	xmlns="https://getpsalm.org/schema/config"
	xsi:schemaLocation="https://getpsalm.org/schema/config vendor/vimeo/psalm/config.xsd"
    errorBaseline="tests/psalm-baseline.xml"
>
	<projectFiles>
		<directory name="lib" />
		<ignoreFiles>
			<directory name="vendor" />
		</ignoreFiles>
	</projectFiles>
	<issueHandlers>
		<UndefinedClass>
			<errorLevel type="suppress">
				<referencedClass name="Doctrine\DBAL\Platforms\MySQLPlatform" />
				<referencedClass name="Doctrine\DBAL\Types\Types" />
				<referencedClass name="OC" />
				<referencedClass name="OC\Core\Command\Base" />
				<referencedClass name="OC\Files\Filesystem" />
				<referencedClass name="OC\Files\View" />
				<referencedClass name="OC\Hooks\Emitter" />
				<referencedClass name="OC\TagManager" />
				<referencedClass name="OC_Template" />
				<referencedClass name="OCA\Files\Event\LoadSidebar" />
				<referencedClass name="OCA\Files_Sharing\External\Storage" />
				<referencedClass name="OCA\Files_Sharing\SharedStorage" />
			</errorLevel>
		</UndefinedClass>
		<UndefinedDocblockClass>
			<errorLevel type="suppress">
				<referencedClass name="Doctrine\DBAL\Driver\Statement" />
				<referencedClass name="Doctrine\DBAL\Platforms\AbstractPlatform" />
				<referencedClass name="Doctrine\DBAL\Schema\Schema" />
				<referencedClass name="Doctrine\DBAL\Schema\SchemaException" />
				<referencedClass name="Doctrine\DBAL\Schema\Table" />
				<referencedClass name="OC\Files\View" />
				<referencedClass name="OC\TagManager" />
				<referencedClass name="OC\Hooks\Emitter" />
			</errorLevel>
		</UndefinedDocblockClass>
	</issueHandlers>
</psalm>
